{"cameraMode":{"drawMode":0,"name":"Shaded","section":"Shading Mode"},"sceneLighting":true,"audioPlay":false,"sceneViewState":{"showFog":true,"showMaterialUpdate":false,"showSkybox":true,"showFlares":true,"showImageEffects":true,"showParticleSystems":true},"in2DMode":false,"pivot":{"x":-1.5263456106185914,"y":-1.303450584411621,"z":0.31505680084228518},"rotation":{"x":-0.11555065959692002,"y":-0.0023867792915552856,"z":0.0002776309265755117,"w":-0.9932975172996521},"size":8.321229934692383,"orthographic":false}