{"cameraMode":{"drawMode":0,"name":"Shaded","section":"Shading Mode"},"sceneLighting":false,"audioPlay":false,"sceneViewState":{"showFog":true,"showMaterialUpdate":false,"showSkybox":false,"showFlares":true,"showImageEffects":true,"showParticleSystems":true},"in2DMode":false,"pivot":{"x":23.670000076293947,"y":-0.8700000047683716,"z":-0.07222892343997956},"rotation":{"x":0.12288645654916763,"y":-0.04226074740290642,"z":0.005237731151282787,"w":0.9915066957473755},"size":10.501890182495118,"orthographic":false}