{"cameraMode":{"drawMode":0,"name":"Shaded","section":"Shading Mode"},"sceneLighting":true,"audioPlay":false,"sceneViewState":{"showFog":true,"showMaterialUpdate":false,"showSkybox":true,"showFlares":true,"showImageEffects":true,"showParticleSystems":true},"in2DMode":false,"pivot":{"x":-0.47786158323287966,"y":-0.5735970735549927,"z":3.721242904663086},"rotation":{"x":-0.05278269946575165,"y":-0.00988900288939476,"z":0.0005226201610639691,"w":-0.9985566735267639},"size":8.474342346191407,"orthographic":false}