{"cameraMode":{"drawMode":0,"name":"Shaded","section":"Shading Mode"},"sceneLighting":true,"audioPlay":false,"sceneViewState":{"showFog":true,"showMaterialUpdate":false,"showSkybox":true,"showFlares":true,"showImageEffects":true,"showParticleSystems":true},"in2DMode":false,"pivot":{"x":89.33203125,"y":0.9566898345947266,"z":-4.140342712402344},"rotation":{"x":0.12288645654916763,"y":-0.04226074740290642,"z":0.005237731151282787,"w":0.9915066957473755},"size":92.98873901367188,"orthographic":false}